{
    "Ar36": {
        "error": 0.0020775393106525703, 
        "filter_outliers_dict": {
            "filter_outliers": true, 
            "iterations": 2, 
            "std_devs": 2
        }, 
        "fit": "Parabolic", 
        "value": 1.0438452315809887
    }, 
    "Ar37": {
        "error": 0.014480268778193233, 
        "filter_outliers_dict": {
            "filter_outliers": true, 
            "iterations": 2, 
            "std_devs": 2
        }, 
        "fit": "linear", 
        "value": 48.660120568044164
    }, 
    "Ar38": {
        "error": 0.012666752048766062, 
        "filter_outliers_dict": {
            "filter_outliers": true, 
            "iterations": 2, 
            "std_devs": 2
        }, 
        "fit": "linear", 
        "value": 6.4241226045157145
    }, 
    "Ar39": {
        "error": 0.032839941859570426, 
        "filter_outliers_dict": {
            "filter_outliers": true, 
            "iterations": 2, 
            "std_devs": 2
        }, 
        "fit": "Parabolic", 
        "value": 147.57037373898487
    }, 
    "Ar40": {
        "error": 0.07617699724074473, 
        "filter_outliers_dict": {
            "filter_outliers": true, 
            "iterations": 2, 
            "std_devs": 2
        }, 
        "fit": "Parabolic", 
        "value": 1161.0844031447898
    }
}